"externalId","productCost","productStock"
"80000086-1697443678","20000.00","0"
"80000026-1697443532","6307.282","489"
"800000C3-1697443683","6773.00","0"
"80000028-1697443532","4481.48984","1499"
"800000BB-1697443682","11655.00","0"
"80000019-1697443419","15500.00","0"
"80000018-1697443419","13650.00","340"
"80000017-1697443419","16673.91984","2500"
"80000016-1697443418","13650.00","340"
"8000003C-1697443604","14648.00","0"
